event_uid,internal_id,platform,source_event_id,id_scheme,acct,season,item,school_host,event_name,opponent,event_date,event_time,venue,lines_latest_0821,latest_pulled_at,in_scans
a410740f-e250-5934-b2ce-636cc2ea7e29,,paciolan,260:NFB26:FB01,paciolan:acct:season:item,260,NFB26,FB01,nautickets.evenue.net,NAU Football 2026 (260:NFB26:FB01),Football vs Eastern Washington,2026-08-29,14:00,Walkup Skydome,521,2026-08-19T11:25:28Z,blocks_0821_latest
a63a6cbe-5fcb-5bcc-a5f5-4b5249ad8ed4,,paciolan,233:F26:F01,paciolan:acct:season:item,233,F26,F01,godeacs.evenue.net,Football 2026 (233:F26:F01),Akron,2026-09-03,19:00,Allegacy Stadium,158,2026-08-19T11:14:37Z,blocks_0821_latest
a9954b59-3710-57a4-9a9a-6b7072889e11,,paciolan,521:FB27:FB01,paciolan:acct:season:item,521,FB27,FB01,arizonawildcats.evenue.net,Football 2026-27 (521:FB27:FB01),Northern Arizona,2026-09-05,18:30,Casino Del Sol Stadium,1294,2026-08-13T16:11:33Z,blocks_0819_all|blocks_0819_latest|blocks_0821_latest
bb3df2d1-05f0-5026-ae90-1ee1b87fb0f7,,paciolan,158:F26:FB01,paciolan:acct:season:item,158,F26,FB01,csurams.evenue.net,2026 Athletic Year (158:F26:FB01),Football vs. Wyoming,2026-09-05,16:00,Canvas Stadium,586,2026-08-13T16:52:40Z,blocks_0819_all|blocks_0819_latest|blocks_0821_latest
21a235df-6c6a-5769-ad1d-f5d14bdbda3b,,paciolan,431:F26:F01,paciolan:acct:season:item,431,F26,F01,hawkeyesports.evenue.net,2026 Football (431:F26:F01),NIU,2026-09-05,15:15,Kinnick Stadium,63,2026-08-19T11:32:31Z,blocks_0821_latest
f30e52de-3dce-5648-ad29-093d91e67d59,,paciolan,457:F26:01,paciolan:acct:season:item,457,F26,01,hokiesports.evenue.net,Football 2026 (457:F26:01),VMI,2026-09-05,19:30,Lane Stadium,120,2026-08-19T11:12:12Z,blocks_0819_all|blocks_0819_latest|blocks_0821_latest|diff_lasttwo
43c30bf2-84a2-5ace-a9f1-eae6442749ba,,paciolan,126:F26:01,paciolan:acct:season:item,126,F26,01,huskers.evenue.net,2026 Football (126:F26:01),Ohio,2026-09-05,11:00,Memorial Stadium,456,2026-08-19T11:27:06Z,blocks_0821_latest
aecc6b04-f01c-536c-8051-bd41fb63a615,,paciolan,187:FB26:F01,paciolan:acct:season:item,187,FB26,F01,kstatesports.evenue.net,Football 2026 (187:FB26:F01),K-State Football vs. Nicholls,2026-09-05,18:00,Bill Snyder Family Stadium,226,2026-08-19T11:12:37Z,blocks_0819_all|blocks_0819_latest|blocks_0821_latest|diff_lasttwo
8f300e62-5348-539e-ad7a-7147af1df536,,paciolan,245:F26:F01,paciolan:acct:season:item,245,F26,F01,pittsburghpanthers.evenue.net,2026 Pitt Football Season (245:F26:F01),Miami (OH),2026-09-05,12:30,Acrisure Stadium,1375,2026-08-19T11:23:15Z,blocks_0821_latest
f326d3b4-2fdd-5a7b-992b-1bdfc5feb5ae,,paciolan,467:F26:F01,paciolan:acct:season:item,467,F26,F01,sfajacks.evenue.net,2026 Football (467:F26:F01),Football vs East Texas A&M,2026-09-05,19:00,Homer Bryce Stadium,249,2026-08-19T11:12:28Z,blocks_0819_all|blocks_0819_latest|blocks_0821_latest|diff_lasttwo
183dc5a2-9587-59cc-a0f8-e5e116795553,,paciolan,415:FB26:F01,paciolan:acct:season:item,415,FB26,F01,uconnhuskies.evenue.net,2026 Football Season (415:FB26:F01),Football vs. Lafayette,2026-09-05,12:00,Rentschler Field,947,2026-08-19T11:12:20Z,blocks_0819_all|blocks_0819_latest|blocks_0821_latest|diff_lasttwo
78a93d78-efa5-564e-ab12-4b180beaab86,,paciolan,912:FB26:FB01,paciolan:acct:season:item,912,FB26,FB01,usajaguars.evenue.net,2026 Football (912:FB26:FB01),Football vs Southeastern Louisiana,2026-09-05,18:00,Hancock Whitney Stadium,730,2026-08-19T11:20:56Z,blocks_0821_latest
88427d5c-6fb8-5028-bd9c-237fe795a575,,paciolan,977:F26:02,paciolan:acct:season:item,977,F26,02,kuathletics.evenue.net,2026 Football (977:F26:02),Missouri,2026-09-11,19:00,David Booth Kansas Memorial Stadium,403,2026-08-19T11:31:43Z,blocks_0821_latest
8570b00e-6882-52ac-8c09-db9803ebb510,,paciolan,418:F26:01,paciolan:acct:season:item,418,F26,01,auburntigers.evenue.net,Football 2026 (418:F26:01),AUBURN FOOTBALL VS. SOUTHERN MISS,2026-09-12,18:45,Jordan-Hare Stadium,163,2026-08-13T15:47:43Z,blocks_0819_all|blocks_0819_latest|blocks_0821_latest
51803fd2-21be-5149-b10f-d577a5b80c26,,paciolan,158:F26:FB02,paciolan:acct:season:item,158,F26,FB02,csurams.evenue.net,2026 Athletic Year (158:F26:FB02),Football vs. Southern Utah,2026-09-12,17:00,Canvas Stadium,767,2026-08-17T15:54:02Z,blocks_0819_all|blocks_0819_latest|blocks_0821_latest
cbac0c23-06fb-5ff8-bc97-1256fe2421b7,,paciolan,692:F26:F01,paciolan:acct:season:item,692,F26,F01,goccusports.evenue.net,2026 Football (692:F26:F01),Football vs. Fordham,2026-09-12,19:30,Brooks Stadium,506,2026-08-13T16:44:23Z,blocks_0819_all|blocks_0819_latest|blocks_0821_latest
6d990a80-9104-5cc8-8c9d-12086fa7fcab,,paciolan,445:FB26:FB01,paciolan:acct:season:item,445,FB26,FB01,gofrogs.evenue.net,2026 Football Season (445:FB26:FB01),Grambling State,2026-09-12,19:00,Amon G. Carter Stadium,1093,2026-08-19T11:37:22Z,blocks_0819_all|blocks_0819_latest|blocks_0821_latest|diff_lasttwo
9857c1a6-4c27-5ae7-9c7f-c0c048a673f8,,paciolan,475:FB26:F01,paciolan:acct:season:item,475,FB26,F01,goheels.evenue.net,2026 FOOTBALL (475:FB26:F01),ETSU,2026-09-12,12:00,KENAN STADIUM,446,2026-08-20T17:04:11Z,blocks_0821_latest
25317cbd-5b7c-5e85-a0e2-3a0c7e802533,,paciolan,457:F26:02,paciolan:acct:season:item,457,F26,02,hokiesports.evenue.net,Football 2026 (457:F26:02),Old Dominion,2026-09-12,12:00,Lane Stadium,365,2026-08-19T11:15:29Z,blocks_0821_latest
628232ec-fec1-53ae-bcc3-1461d6568058,,paciolan,126:F26:02,paciolan:acct:season:item,126,F26,02,huskers.evenue.net,2026 Football (126:F26:02),Bowling Green,2026-09-12,18:00,Memorial Stadium,447,2026-08-19T11:27:16Z,blocks_0821_latest
7f525b91-1e14-5354-9124-9a375e97352c,,paciolan,260:NFB26:FB02,paciolan:acct:season:item,260,NFB26,FB02,nautickets.evenue.net,NAU Football 2026 (260:NFB26:FB02),Football vs. UIW - Family Weekend,2026-09-12,14:00,Walkup Skydome,496,2026-08-19T11:25:37Z,blocks_0821_latest
9ef0b22b-7f43-5c19-9b2d-46254885613a,,paciolan,530:F26:F2601,paciolan:acct:season:item,530,F26,F2601,okstate.evenue.net,2026 Cowboy Football (530:F26:F2601),Oregon,2026-09-12,11:00,Boone Pickens Stadium,328,2026-08-19T11:24:29Z,blocks_0821_latest
8f532aec-075e-5a70-a21c-27b749129c6b,,paciolan,245:F26:F02,paciolan:acct:season:item,245,F26,F02,pittsburghpanthers.evenue.net,2026 Pitt Football Season (245:F26:F02),Uni. of Central Florida (UCF),2026-09-12,15:30,Acrisure Stadium,1378,2026-08-19T11:23:24Z,blocks_0821_latest
a57dbebd-4b11-54da-ab00-498d946963c0,,paciolan,586:FB26:FB01,paciolan:acct:season:item,586,FB26,FB01,tulanegreenwave.evenue.net,Football 2026 (586:FB26:FB01),South Alabama,2026-09-12,18:00,Yulman Stadium,509,2026-08-19T11:17:30Z,blocks_0821_latest
9d295d2c-274d-5258-92ca-c1bd75883ac0,,paciolan,166:F26:F01,paciolan:acct:season:item,166,F26,F01,uabsports.evenue.net,Football 2026 (166:F26:F01),Football vs. ULM,2026-09-12,14:30,Protective Stadium,1054,2026-08-19T11:16:39Z,blocks_0821_latest
5efb115a-5479-5d40-bfbd-18fbf87c067c,,paciolan,415:FB26:F02,paciolan:acct:season:item,415,FB26,F02,uconnhuskies.evenue.net,2026 Football Season (415:FB26:F02),Football vs. Maryland,2026-09-12,15:30,Rentschler Field,915,2026-08-19T11:12:46Z,blocks_0821_latest
b08bceb0-f91c-5ac7-8e9f-674e7e96add7,,paciolan,345:26FB:FB0912,paciolan:acct:season:item,345,26FB,FB0912,uritix.evenue.net,2026 FOOTBALL (345:26FB:FB0912),ELON,2026-09-12,12:00,Centreville Bank Stadium,384,2026-08-19T11:22:36Z,blocks_0821_latest
4bd4b40e-29a6-530a-9948-99ac8362c033,,paciolan,925:FB26:F01,paciolan:acct:season:item,925,FB26,F01,utrockets.evenue.net,2026 Football (925:FB26:F01),Central Connecticut State,2026-09-12,15:30,Glass Bowl,462,2026-08-19T11:18:38Z,blocks_0821_latest
583151b5-bdb9-5b42-988c-7b3b98017fbc,,paciolan,987:F26:F01,paciolan:acct:season:item,987,F26,F01,uwbadgers.evenue.net,2026 Football (987:F26:F01),Western Illinois,2026-09-12,18:15,Camp Randall Stadium,985,2026-08-19T11:37:13Z,blocks_0819_all|blocks_0819_latest|blocks_0821_latest|diff_lasttwo
fe90a179-5d40-5fd7-8a18-2c5163778261,,paciolan,245:F26:F03,paciolan:acct:season:item,245,F26,F03,pittsburghpanthers.evenue.net,2026 Pitt Football Season (245:F26:F03),Syracuse,2026-09-17,19:30,Acrisure Stadium,1548,2026-08-19T11:23:35Z,blocks_0821_latest
ed98b81c-bbe9-5a78-aaa8-7343e29139b6,,paciolan,233:F26:F02,paciolan:acct:season:item,233,F26,F02,godeacs.evenue.net,Football 2026 (233:F26:F02),Miami,2026-09-18,19:30,Allegacy Stadium,104,2026-08-19T11:14:44Z,blocks_0821_latest
6d1ea86a-ad54-5a75-a7bc-1c054c42993a,,paciolan,158:F26:FB03,paciolan:acct:season:item,158,F26,FB03,csurams.evenue.net,2026 Athletic Year (158:F26:FB03),Football vs. BYU,2026-09-19,17:30,Canvas Stadium,771,2026-08-17T15:54:24Z,blocks_0819_all|blocks_0819_latest|blocks_0821_latest
a4819c07-3dfe-55ea-b432-075bc3245d81,,paciolan,126:F26:03,paciolan:acct:season:item,126,F26,03,huskers.evenue.net,2026 Football (126:F26:03),North Dakota,2026-09-19,18:15,Memorial Stadium,314,2026-08-19T11:27:25Z,blocks_0821_latest
7a7ea2d0-8635-5ac5-b069-6851535f5296,,paciolan,126:F26:FP03,paciolan:acct:season:item,126,F26,FP03,huskers.evenue.net,2026 Football (126:F26:FP03),Cole Swindell Field Pass,2026-09-19,,Memorial Stadium,74,2026-08-19T11:27:32Z,blocks_0821_latest
d40ca715-fd2f-5f83-a03d-6a8d455bd7a2,,paciolan,398:F26:F03,paciolan:acct:season:item,398,F26,F03,mgoblue.evenue.net,Football 2026 (398:F26:F03),UTEP,2026-09-19,15:30,Michigan Stadium,200,2026-08-19T11:28:20Z,blocks_0821_latest
72207a70-e0d0-5f83-b9c1-079f259511da,,paciolan,530:F26:F2602,paciolan:acct:season:item,530,F26,F2602,okstate.evenue.net,2026 Cowboy Football (530:F26:F2602),Murray State,2026-09-19,18:00,Boone Pickens Stadium,301,2026-08-19T11:24:39Z,blocks_0821_latest
b51d32f4-7b32-5429-963d-9d9b3a0a05cc,,paciolan,912:FB26:FB02,paciolan:acct:season:item,912,FB26,FB02,usajaguars.evenue.net,2026 Football (912:FB26:FB02),Football vs Ohio,2026-09-19,18:00,Hancock Whitney Stadium,736,2026-08-19T11:21:05Z,blocks_0821_latest
31006d38-2380-5bcc-8b6d-f195f840eaad,,paciolan,925:FB26:F02,paciolan:acct:season:item,925,FB26,F02,utrockets.evenue.net,2026 Football (925:FB26:F02),Temple,2026-09-19,15:00,Glass Bowl,476,2026-08-19T11:18:47Z,blocks_0821_latest
02a3ddd9-8368-5d8d-9b3a-d3f129f74275,,paciolan,987:F26:F02,paciolan:acct:season:item,987,F26,F02,uwbadgers.evenue.net,2026 Football (987:F26:F02),Eastern Michigan,2026-09-19,11:30,Camp Randall Stadium,908,2026-08-19T11:37:57Z,blocks_0819_all|blocks_0819_latest|blocks_0821_latest|diff_lasttwo
1d185b46-109a-5ae1-bded-9fcf8672c7a0,,paciolan,894:FB26:F01,paciolan:acct:season:item,894,FB26,F01,wsucougars.evenue.net,2026 Football (894:FB26:F01),FB26 vs Duquesne,2026-09-19,12:30,Gesa Field,681,2026-08-19T11:13:40Z,blocks_0821_latest
51da0ab9-7f13-525b-918a-83825fc796d0,,paciolan,692:F26:F02,paciolan:acct:season:item,692,F26,F02,goccusports.evenue.net,2026 Football (692:F26:F02),Football vs. Liberty,2026-09-24,19:30,Brooks Stadium,558,2026-08-13T16:44:31Z,blocks_0819_all|blocks_0819_latest|blocks_0821_latest
88ed4504-4d6f-5c77-9704-18e84bb0b7fa,,paciolan,166:F26:F02,paciolan:acct:season:item,166,F26,F02,uabsports.evenue.net,Football 2026 (166:F26:F02),Football vs. Navy,2026-09-25,18:00,Protective Stadium,1073,2026-08-19T11:16:47Z,blocks_0821_latest
de2375a2-acce-5ae4-8dad-f8b52bd1f774,,paciolan,245:F26:F04,paciolan:acct:season:item,245,F26,F04,pittsburghpanthers.evenue.net,2026 Pitt Football Season (245:F26:F04),Bucknell,2026-09-26,12:00,Acrisure Stadium,1519,2026-08-19T11:23:45Z,blocks_0821_latest
70058a6d-f3cf-5b11-9f0a-49687952a80c,,paciolan,727:FB26:FB02,paciolan:acct:season:item,727,FB26,FB02,redhawktix.evenue.net,2026 Football Season (727:FB26:FB02),Miami Football vs. UCONN,2026-09-26,,Yager Stadium,522,2026-08-19T11:31:25Z,blocks_0819_all|blocks_0819_latest|blocks_0821_latest|diff_lasttwo
576f653e-9a9f-587a-827a-d4e8c919d3a2,,paciolan,596:FB26:FB02,paciolan:acct:season:item,596,FB26,FB02,semo.evenue.net,Football 2026 (596:FB26:FB02),SEMO Football vs. West Florida,2026-09-26,18:00,Houck Stadium,191,2026-08-19T11:20:24Z,blocks_0821_latest
b4face0c-1498-5c13-859d-1dc9d856d063,,paciolan,467:F26:F02,paciolan:acct:season:item,467,F26,F02,sfajacks.evenue.net,2026 Football (467:F26:F02),Football vs Northeastern State,2026-09-26,17:00,Homer Bryce Stadium,251,2026-08-19T11:19:36Z,blocks_0821_latest
62e7e5d0-3729-5b77-980d-a36040d70ea2,,paciolan,479:F26:F02,paciolan:acct:season:item,479,F26,F02,smumustangs.evenue.net,2026 Football (479:F26:F02),Missouri State,2026-09-26,,Gerald J. Ford Stadium,52,2026-08-19T11:21:51Z,blocks_0821_latest
ce3005f1-b627-5014-b1e7-90181c47eed5,,paciolan,586:FB26:FB02,paciolan:acct:season:item,586,FB26,FB02,tulanegreenwave.evenue.net,Football 2026 (586:FB26:FB02),Southern Miss,2026-09-26,,Yulman Stadium,547,2026-08-19T11:17:39Z,blocks_0821_latest
40f85bff-7297-5c36-ab72-b69d0d3bc962,,paciolan,925:FB26:F03,paciolan:acct:season:item,925,FB26,F03,utrockets.evenue.net,2026 Football (925:FB26:F03),San Diego State,2026-09-26,,Glass Bowl,517,2026-08-19T11:18:54Z,blocks_0821_latest
731d8081-80c5-5112-ab11-ff2de0f3e5f7,,paciolan,894:FB26:F02,paciolan:acct:season:item,894,FB26,F02,wsucougars.evenue.net,2026 Football (894:FB26:F02),FB26 vs Arizona,2026-09-26,16:30,Gesa Field,643,2026-08-19T11:13:49Z,blocks_0821_latest
43caf79e-52a2-59cf-a7ff-ae59a92234a0,,paciolan,158:F26:FB04,paciolan:acct:season:item,158,F26,FB04,csurams.evenue.net,2026 Athletic Year (158:F26:FB04),Football vs. Oregon State,2026-10-03,16:00,Canvas Stadium,686,2026-08-17T15:54:36Z,blocks_0819_all|blocks_0819_latest|blocks_0821_latest
ab3fe98e-d54f-520e-b326-f3e92202d6c6,,paciolan,692:F26:F03,paciolan:acct:season:item,692,F26,F03,goccusports.evenue.net,2026 Football (692:F26:F03),Football vs. Georgia Southern,2026-10-03,,Brooks Stadium,473,2026-08-13T16:44:39Z,blocks_0819_all|blocks_0819_latest|blocks_0821_latest
96d9fd2f-7214-5fef-949e-eb62768a0a58,,paciolan,233:F26:F03,paciolan:acct:season:item,233,F26,F03,godeacs.evenue.net,Football 2026 (233:F26:F03),Stanford,2026-10-03,,Allegacy Stadium,124,2026-08-19T11:14:53Z,blocks_0821_latest
5570c6d7-b66e-5bf4-98bb-893c456d48ae,,paciolan,445:FB26:FB03,paciolan:acct:season:item,445,FB26,FB03,gofrogs.evenue.net,2026 Football Season (445:FB26:FB03),BYU,2026-10-03,,Amon G. Carter Stadium,1067,2026-08-19T11:38:06Z,blocks_0819_all|blocks_0819_latest|blocks_0821_latest|diff_lasttwo
a27676c0-a7db-5309-a12b-98688e90454d,,paciolan,475:FB26:F02,paciolan:acct:season:item,475,FB26,F02,goheels.evenue.net,2026 FOOTBALL (475:FB26:F02),NOTRE DAME,2026-10-03,,KENAN STADIUM,235,2026-08-19T11:26:17Z,blocks_0821_latest
71821de4-9862-53cd-b19d-242045dc13dd,,paciolan,126:F26:04,paciolan:acct:season:item,126,F26,04,huskers.evenue.net,2026 Football (126:F26:04),Maryland,2026-10-03,,Memorial Stadium,513,2026-08-19T11:27:44Z,blocks_0821_latest
520e3f79-bc1e-504e-8f7d-41191331e191,,paciolan,977:F26:03,paciolan:acct:season:item,977,F26,03,kuathletics.evenue.net,2026 Football (977:F26:03),Middle Tennessee,2026-10-03,,David Booth Kansas Memorial Stadium,474,2026-08-19T11:31:51Z,blocks_0821_latest
a6581351-7a89-5213-bbb0-cf5222b3c444,,paciolan,727:FB26:FB03,paciolan:acct:season:item,727,FB26,FB03,redhawktix.evenue.net,2026 Football Season (727:FB26:FB03),Miami Football vs. Bowling Green,2026-10-03,,Yager Stadium,537,2026-08-19T11:29:04Z,blocks_0819_all|blocks_0819_latest|blocks_0821_latest|diff_lasttwo
910c93bf-25c2-5f02-9d16-88ce7787bfe6,,paciolan,467:F26:F03,paciolan:acct:season:item,467,F26,F03,sfajacks.evenue.net,2026 Football (467:F26:F03),Football vs Incarnate Word,2026-10-03,17:00,Homer Bryce Stadium,252,2026-08-19T11:19:43Z,blocks_0821_latest
ced1c038-d195-571d-a35f-84aedb543273,,paciolan,166:F26:F03,paciolan:acct:season:item,166,F26,F03,uabsports.evenue.net,Football 2026 (166:F26:F03),Football vs. Samford,2026-10-03,14:30,Protective Stadium,984,2026-08-19T11:16:56Z,blocks_0821_latest
47b19909-41b1-53c4-bf0f-3170ff8ff882,,paciolan,415:FB26:F03,paciolan:acct:season:item,415,FB26,F03,uconnhuskies.evenue.net,2026 Football Season (415:FB26:F03),Football vs. Syracuse,2026-10-03,12:00,Rentschler Field,676,2026-08-19T11:12:56Z,blocks_0821_latest
99d4db63-28b1-5004-8e16-a0625d3400e0,,paciolan,345:26FB:FB1003,paciolan:acct:season:item,345,26FB,FB1003,uritix.evenue.net,2026 FOOTBALL (345:26FB:FB1003),BROWN,2026-10-03,12:00,Centreville Bank Stadium,326,2026-08-19T11:22:45Z,blocks_0821_latest
a9158e67-4faf-5f42-bc9a-55339a8a0d08,,paciolan,912:FB26:FB03,paciolan:acct:season:item,912,FB26,FB03,usajaguars.evenue.net,2026 Football (912:FB26:FB03),Football vs ULM,2026-10-03,,Hancock Whitney Stadium,725,2026-08-19T11:21:14Z,blocks_0821_latest
564f1945-273f-5e30-bc83-a2a060a8070b,,paciolan,987:F26:F03,paciolan:acct:season:item,987,F26,F03,uwbadgers.evenue.net,2026 Football (987:F26:F03),Michigan State,2026-10-03,,Camp Randall Stadium,1051,2026-08-19T11:37:45Z,blocks_0819_all|blocks_0819_latest|blocks_0821_latest|diff_lasttwo
2f127fee-90b7-5ae6-813f-9da98f345725,,paciolan,894:FB26:F03,paciolan:acct:season:item,894,FB26,F03,wsucougars.evenue.net,2026 Football (894:FB26:F03),FB26 vs Fresno State,2026-10-03,18:30,Gesa Field,577,2026-08-19T11:13:56Z,blocks_0821_latest
ab85d216-77a5-5f99-b203-8b79fbf70a57,,paciolan,126:F26:05,paciolan:acct:season:item,126,F26,05,huskers.evenue.net,2026 Football (126:F26:05),Indiana,2026-10-10,,Memorial Stadium,746,2026-08-19T11:27:56Z,blocks_0821_latest
b9db9bdc-7fd3-5e8f-a0b6-2ae099236b2b,,paciolan,260:NFB26:FB03,paciolan:acct:season:item,260,NFB26,FB03,nautickets.evenue.net,NAU Football 2026 (260:NFB26:FB03),Football vs. Montana,2026-10-10,14:00,Walkup Skydome,526,2026-08-19T11:25:45Z,blocks_0821_latest
89b9edad-4f48-595c-bdc5-9fce80a5c8cb,,paciolan,530:F26:F2603,paciolan:acct:season:item,530,F26,F2603,okstate.evenue.net,2026 Cowboy Football (530:F26:F2603),UCF,2026-10-10,,Boone Pickens Stadium,463,2026-08-19T11:24:48Z,blocks_0821_latest
7db02069-4cd9-5301-9229-6ccf5af289cd,,paciolan,245:F26:F05,paciolan:acct:season:item,245,F26,F05,pittsburghpanthers.evenue.net,2026 Pitt Football Season (245:F26:F05),North Carolina (UNC),2026-10-10,,Acrisure Stadium,1243,2026-08-19T11:23:56Z,blocks_0821_latest
bb79b6c7-b51b-52c1-87a7-74a2df9d0daf,,paciolan,925:FB26:F04,paciolan:acct:season:item,925,FB26,F04,utrockets.evenue.net,2026 Football (925:FB26:F04),Buffalo,2026-10-10,,Glass Bowl,523,2026-08-19T11:19:02Z,blocks_0821_latest
9d3e8c1b-4c1a-5610-ba8a-1438cb48250f,,paciolan,166:F26:F04,paciolan:acct:season:item,166,F26,F04,uabsports.evenue.net,Football 2026 (166:F26:F04),Football vs. East Carolina,2026-10-15,18:30,Protective Stadium,1159,2026-08-19T11:17:03Z,blocks_0821_latest
27491dc3-88f5-5034-843d-a1328db2d908,,paciolan,692:F26:F04,paciolan:acct:season:item,692,F26,F04,goccusports.evenue.net,2026 Football (692:F26:F04),Football vs. Appalachian State,2026-10-16,20:00,Brooks Stadium,534,2026-08-13T16:44:48Z,blocks_0819_all|blocks_0819_latest|blocks_0821_latest
a61dcded-5fe5-50de-ab20-1894ad880595,,paciolan,586:FB26:FB03,paciolan:acct:season:item,586,FB26,FB03,tulanegreenwave.evenue.net,Football 2026 (586:FB26:FB03),Memphis,2026-10-16,18:30,Yulman Stadium,532,2026-08-19T11:17:47Z,blocks_0821_latest
3d471e44-d938-59bf-9029-5a04e06b8511,,paciolan,457:F26:04,paciolan:acct:season:item,457,F26,04,hokiesports.evenue.net,Football 2026 (457:F26:04),Georgia Tech,2026-10-17,,Lane Stadium,74,2026-08-19T11:15:40Z,blocks_0821_latest
b8072f1a-dea1-5d6e-bf8c-88a94162e030,,paciolan,260:NFB26:FB04,paciolan:acct:season:item,260,NFB26,FB04,nautickets.evenue.net,NAU Football 2026 (260:NFB26:FB04),Football vs. Portland State - Homecoming,2026-10-17,16:00,Walkup Skydome,535,2026-08-19T11:25:53Z,blocks_0821_latest
d16733c1-c6dc-5dfc-a169-26a930f68bf3,,paciolan,727:FB26:FB04,paciolan:acct:season:item,727,FB26,FB04,redhawktix.evenue.net,2026 Football Season (727:FB26:FB04),Miami Football vs. Akron,2026-10-17,,Yager Stadium,377,2026-08-19T11:28:57Z,blocks_0819_all|blocks_0819_latest|blocks_0821_latest|diff_lasttwo
e0046fbe-91e0-5df0-b4ef-1888e50f0318,,paciolan,596:FB26:FB03,paciolan:acct:season:item,596,FB26,FB03,semo.evenue.net,Football 2026 (596:FB26:FB03),SEMO Football vs. Western Illinois,2026-10-17,14:00,Houck Stadium,209,2026-08-19T11:20:33Z,blocks_0821_latest
545fd3b8-b28e-57a2-ac60-020c1e9e1efc,,paciolan,479:F26:F04,paciolan:acct:season:item,479,F26,F04,smumustangs.evenue.net,2026 Football (479:F26:F04),Virginia,2026-10-17,,Gerald J. Ford Stadium,119,2026-08-19T11:22:01Z,blocks_0821_latest
30f9aa70-ac2b-5c0b-977c-8fd22f66feeb,,paciolan,415:FB26:F04,paciolan:acct:season:item,415,FB26,F04,uconnhuskies.evenue.net,2026 Football Season (415:FB26:F04),Football vs. UMASS,2026-10-23,19:00,Rentschler Field,1125,2026-08-19T11:13:04Z,blocks_0821_latest
c2b44530-70e8-51ad-883b-e3e631a779d6,,paciolan,158:F26:FB05,paciolan:acct:season:item,158,F26,FB05,csurams.evenue.net,2026 Athletic Year (158:F26:FB05),Football vs. San Diego State,2026-10-24,16:30,Canvas Stadium,955,2026-08-17T15:54:47Z,blocks_0819_all|blocks_0819_latest|blocks_0821_latest
0dbb83ca-79f7-5cc8-b033-9242f61eb70a,,paciolan,475:FB26:F03,paciolan:acct:season:item,475,FB26,F03,goheels.evenue.net,2026 FOOTBALL (475:FB26:F03),SYRACUSE,2026-10-24,,KENAN STADIUM,293,2026-08-19T11:26:28Z,blocks_0821_latest
7a4522c0-fff3-57f4-b874-ec6210ce2cb7,,paciolan,977:F26:04,paciolan:acct:season:item,977,F26,04,kuathletics.evenue.net,2026 Football (977:F26:04),Baylor,2026-10-24,,David Booth Kansas Memorial Stadium,460,2026-08-19T11:32:01Z,blocks_0821_latest
d7977561-6cec-53d3-baba-d52ebfe6f4da,,paciolan,530:F26:F2604,paciolan:acct:season:item,530,F26,F2604,okstate.evenue.net,2026 Cowboy Football (530:F26:F2604),Colorado,2026-10-24,,Boone Pickens Stadium,223,2026-08-19T11:24:56Z,blocks_0821_latest
d6b80c37-63c0-53b7-b9f0-9d2f48087277,,paciolan,467:F26:F04,paciolan:acct:season:item,467,F26,F04,sfajacks.evenue.net,2026 Football (467:F26:F04),Football vs Southeastern,2026-10-24,17:00,Homer Bryce Stadium,246,2026-08-19T11:19:52Z,blocks_0821_latest
a5c72fb0-ea87-5eb3-a8df-6758d351bc02,,paciolan,479:F26:F05,paciolan:acct:season:item,479,F26,F05,smumustangs.evenue.net,2026 Football (479:F26:F05),California,2026-10-24,,Gerald J. Ford Stadium,134,2026-08-19T11:22:09Z,blocks_0821_latest
660d4db4-ed66-5450-b7be-f56ef69fec1f,,paciolan,586:FB26:FB04,paciolan:acct:season:item,586,FB26,FB04,tulanegreenwave.evenue.net,Football 2026 (586:FB26:FB04),UTSA,2026-10-24,,Yulman Stadium,562,2026-08-19T11:18:10Z,blocks_0821_latest
f1017000-0f87-570a-840b-0962853ee78c,,paciolan,345:26FB:FB1024,paciolan:acct:season:item,345,26FB,FB1024,uritix.evenue.net,2026 FOOTBALL (345:26FB:FB1024),ALBANY,2026-10-24,12:00,Centreville Bank Stadium,334,2026-08-19T11:22:52Z,blocks_0821_latest
461fcf5e-4a2f-5811-9949-8eea989bbe68,,paciolan,925:FB26:F05,paciolan:acct:season:item,925,FB26,F05,utrockets.evenue.net,2026 Football (925:FB26:F05),Western Michigan,2026-10-24,,Glass Bowl,542,2026-08-19T11:19:09Z,blocks_0821_latest
57f00a67-996e-5bff-8fcf-afb1cbc20985,,paciolan,987:F26:F04,paciolan:acct:season:item,987,F26,F04,uwbadgers.evenue.net,2026 Football (987:F26:F04),USC,2026-10-24,,Camp Randall Stadium,1064,2026-08-12T13:21:19Z,blocks_0819_all|blocks_0819_latest|blocks_0821_latest
5aa0a111-25de-5114-a855-e9732a5c8bdf,,paciolan,894:FB26:F04,paciolan:acct:season:item,894,FB26,F04,wsucougars.evenue.net,2026 Football (894:FB26:F04),FB26 vs Boise State,2026-10-24,15:00,Gesa Field,480,2026-08-19T11:14:03Z,blocks_0821_latest
9ff9f056-7fd1-57a3-8fb7-be452f569b16,,paciolan,233:F26:F04,paciolan:acct:season:item,233,F26,F04,godeacs.evenue.net,Football 2026 (233:F26:F04),Virginia,2026-10-31,,Allegacy Stadium,325,2026-08-19T11:15:02Z,blocks_0821_latest
30cc565c-89db-5110-b91e-5b5e1530ac61,,paciolan,445:FB26:FB05,paciolan:acct:season:item,445,FB26,FB05,gofrogs.evenue.net,2026 Football Season (445:FB26:FB05),Kansas,2026-10-31,,Amon G. Carter Stadium,1207,2026-08-19T11:38:16Z,blocks_0819_all|blocks_0819_latest|blocks_0821_latest|diff_lasttwo
0bfb5dff-d2e0-512d-926c-99ae8938c098,,paciolan,475:FB26:F04,paciolan:acct:season:item,475,FB26,F04,goheels.evenue.net,2026 FOOTBALL (475:FB26:F04),MIAMI (FL),2026-10-31,,KENAN STADIUM,362,2026-08-19T11:26:36Z,blocks_0821_latest
f70f65f2-36c4-55ce-8bad-2e07bbd67493,,paciolan,431:F26:F05,paciolan:acct:season:item,431,F26,F05,hawkeyesports.evenue.net,2026 Football (431:F26:F05),Wisconsin,2026-10-31,,Kinnick Stadium,280,2026-08-19T11:32:42Z,blocks_0821_latest
d0abaca1-f87e-5bb5-a2d1-a3ee7bd7a4bd,,paciolan,126:F26:06,paciolan:acct:season:item,126,F26,06,huskers.evenue.net,2026 Football (126:F26:06),Washington,2026-10-31,,Memorial Stadium,701,2026-08-19T11:28:08Z,blocks_0821_latest
5ee94308-22b0-5d9d-8139-a21da4304813,,paciolan,245:F26:F06,paciolan:acct:season:item,245,F26,F06,pittsburghpanthers.evenue.net,2026 Pitt Football Season (245:F26:F06),Georgia Tech,2026-10-31,,Acrisure Stadium,1555,2026-08-19T11:24:08Z,blocks_0821_latest
1411f1fb-ab07-51ef-8f56-7bb8fc9cdce5,,paciolan,596:FB26:FB04,paciolan:acct:season:item,596,FB26,FB04,semo.evenue.net,Football 2026 (596:FB26:FB04),SEMO Football vs. Gardner-Webb,2026-10-31,13:00,Houck Stadium,209,2026-08-19T11:20:39Z,blocks_0821_latest
37b89c07-2dec-58ba-8a55-259e89e5869b,,paciolan,467:F26:F05,paciolan:acct:season:item,467,F26,F05,sfajacks.evenue.net,2026 Football (467:F26:F05),Football vs Houston Christian,2026-10-31,14:00,Homer Bryce Stadium,250,2026-08-19T11:19:59Z,blocks_0821_latest
bb51b9cc-66bc-578a-b14b-4c03a08d6584,,paciolan,345:26FB:FB1031,paciolan:acct:season:item,345,26FB,FB1031,uritix.evenue.net,2026 FOOTBALL (345:26FB:FB1031),MAINE,2026-10-31,12:00,Centreville Bank Stadium,392,2026-08-19T11:22:58Z,blocks_0821_latest
dcf477e0-bbf5-54be-8179-5333df48f661,,paciolan,912:FB26:FB04,paciolan:acct:season:item,912,FB26,FB04,usajaguars.evenue.net,2026 Football (912:FB26:FB04),Football vs Louisiana Tech,2026-10-31,,Hancock Whitney Stadium,740,2026-08-19T11:21:22Z,blocks_0821_latest
9c4e6bc3-a4c0-546d-8223-fc2e44e27d22,,paciolan,727:FB26:FB05,paciolan:acct:season:item,727,FB26,FB05,redhawktix.evenue.net,2026 Football Season (727:FB26:FB05),Miami Football vs. Buffalo,2026-11-03,19:00,Yager Stadium,544,2026-08-19T11:28:49Z,blocks_0819_all|blocks_0819_latest|blocks_0821_latest|diff_lasttwo
6a966e77-7e84-5293-a647-1cda9384f55b,,paciolan,479:F26:F06,paciolan:acct:season:item,479,F26,F06,smumustangs.evenue.net,2026 Football (479:F26:F06),Virginia Tech,2026-11-06,18:00,Gerald J. Ford Stadium,106,2026-08-19T11:22:19Z,blocks_0821_latest
44845913-960f-57f2-a2a1-6a69e51fb980,,paciolan,158:F26:FB06,paciolan:acct:season:item,158,F26,FB06,csurams.evenue.net,2026 Athletic Year (158:F26:FB06),Football vs. Boise State,2026-11-07,16:00,Canvas Stadium,973,2026-08-17T15:54:57Z,blocks_0819_all|blocks_0819_latest|blocks_0821_latest
7928c7b7-c989-53c6-b9b7-5df1e5c1d5cd,,paciolan,692:F26:F05,paciolan:acct:season:item,692,F26,F05,goccusports.evenue.net,2026 Football (692:F26:F05),Football vs. Old Dominion,2026-11-07,,Brooks Stadium,604,2026-08-13T16:44:56Z,blocks_0819_all|blocks_0819_latest|blocks_0821_latest
941b8942-f8fe-58dd-9202-65c6146af23f,,paciolan,233:F26:F05,paciolan:acct:season:item,233,F26,F05,godeacs.evenue.net,Football 2026 (233:F26:F05),Merrimack,2026-11-07,,Allegacy Stadium,282,2026-08-19T11:15:10Z,blocks_0821_latest
5e672c51-3e2f-5670-ac76-38cfa3c06135,,paciolan,977:F26:05,paciolan:acct:season:item,977,F26,05,kuathletics.evenue.net,2026 Football (977:F26:05),UCF,2026-11-07,,David Booth Kansas Memorial Stadium,505,2026-08-19T11:32:10Z,blocks_0821_latest
6e86adb4-e702-5bf6-b0b9-d23cfaa9e500,,paciolan,586:FB26:FB05,paciolan:acct:season:item,586,FB26,FB05,tulanegreenwave.evenue.net,Football 2026 (586:FB26:FB05),Tulsa,2026-11-07,,Yulman Stadium,269,2026-08-19T11:18:19Z,blocks_0821_latest
4ec2577f-8712-52bf-88c2-de58ae1c90a6,,paciolan,166:F26:F05,paciolan:acct:season:item,166,F26,F05,uabsports.evenue.net,Football 2026 (166:F26:F05),Football vs. Charlotte,2026-11-07,,Protective Stadium,1128,2026-08-19T11:17:12Z,blocks_0821_latest
99f570d1-62c4-5e90-bd86-46423ee11e32,,paciolan,415:FB26:F05,paciolan:acct:season:item,415,FB26,F05,uconnhuskies.evenue.net,2026 Football Season (415:FB26:F05),Football vs. North Carolina,2026-11-07,12:00,Rentschler Field,893,2026-08-19T11:13:12Z,blocks_0821_latest
e4d2952a-9a3e-51cd-b560-0622b16b14bd,,paciolan,987:F26:F05,paciolan:acct:season:item,987,F26,F05,uwbadgers.evenue.net,2026 Football (987:F26:F05),Rutgers,2026-11-07,,Camp Randall Stadium,1172,2026-08-19T11:37:34Z,blocks_0819_all|blocks_0819_latest|blocks_0821_latest|diff_lasttwo
196bf517-335f-598a-a9c0-038ec1defe40,,paciolan,727:FB26:FB06,paciolan:acct:season:item,727,FB26,FB06,redhawktix.evenue.net,2026 Football Season (727:FB26:FB06),Miami Football vs. Ohio,2026-11-10,19:00,Yager Stadium,541,2026-08-19T11:28:39Z,blocks_0819_all|blocks_0819_latest|blocks_0821_latest|diff_lasttwo
1fb4b45d-710d-51c2-9957-96e3264b1480,,paciolan,925:FB26:F06,paciolan:acct:season:item,925,FB26,F06,utrockets.evenue.net,2026 Football (925:FB26:F06),UMass,2026-11-11,,Glass Bowl,533,2026-08-19T11:19:18Z,blocks_0821_latest
634c24f6-2c6f-548a-86c8-06f8dec03191,,paciolan,245:F26:F07,paciolan:acct:season:item,245,F26,F07,pittsburghpanthers.evenue.net,2026 Pitt Football Season (245:F26:F07),Florida State,2026-11-13,19:00,Acrisure Stadium,1410,2026-08-19T11:24:18Z,blocks_0821_latest
d27c254a-bcfc-515d-9fdb-e9cf19ba2661,,paciolan,692:F26:F06,paciolan:acct:season:item,692,F26,F06,goccusports.evenue.net,2026 Football (692:F26:F06),Football vs. Arkansas State,2026-11-14,,Brooks Stadium,562,2026-08-13T16:45:05Z,blocks_0819_all|blocks_0819_latest|blocks_0821_latest
acd72256-aa9c-5f5d-bb2d-6ed8cdece5d3,,paciolan,475:FB26:F05,paciolan:acct:season:item,475,FB26,F05,goheels.evenue.net,2026 FOOTBALL (475:FB26:F05),LOUISVILLE,2026-11-14,,KENAN STADIUM,417,2026-08-19T11:26:46Z,blocks_0821_latest
23f61ea2-62ad-564a-bb76-0beb74834233,,paciolan,457:F26:05,paciolan:acct:season:item,457,F26,05,hokiesports.evenue.net,Football 2026 (457:F26:05),Stanford,2026-11-14,,Lane Stadium,422,2026-08-19T11:30:12Z,blocks_0821_latest
c6a522bd-a923-56ff-b745-a026e49e3005,,paciolan,260:NFB26:FB05,paciolan:acct:season:item,260,NFB26,FB05,nautickets.evenue.net,NAU Football 2026 (260:NFB26:FB05),Football vs. Weber State,2026-11-14,14:00,Walkup Skydome,548,2026-08-19T11:26:00Z,blocks_0821_latest
1107256f-ed99-5675-81b4-9cc7f6931f78,,paciolan,530:F26:F2605,paciolan:acct:season:item,530,F26,F2605,okstate.evenue.net,2026 Cowboy Football (530:F26:F2605),Texas Tech,2026-11-14,,Boone Pickens Stadium,419,2026-08-19T11:25:07Z,blocks_0821_latest
f9171600-4626-54d5-96d0-58b2787f7822,,paciolan,479:F26:F07,paciolan:acct:season:item,479,F26,F07,smumustangs.evenue.net,2026 Football (479:F26:F07),Wake Forest,2026-11-14,,Gerald J. Ford Stadium,117,2026-08-19T11:22:29Z,blocks_0821_latest
28d2f6fd-8e56-5048-b253-5e431404e4d3,,paciolan,415:FB26:F06,paciolan:acct:season:item,415,FB26,F06,uconnhuskies.evenue.net,2026 Football Season (415:FB26:F06),Football vs. James Madison,2026-11-14,12:00,Rentschler Field,1178,2026-08-19T11:13:21Z,blocks_0821_latest
6ce96c2c-fa00-5397-8201-0e45bb648de6,,paciolan,345:26FB:FB1114,paciolan:acct:season:item,345,26FB,FB1114,uritix.evenue.net,2026 FOOTBALL (345:26FB:FB1114),TOWSON,2026-11-14,12:00,Centreville Bank Stadium,405,2026-08-19T11:23:06Z,blocks_0821_latest
907664a9-6a17-5ac0-9254-f5cad9d044a0,,paciolan,912:FB26:FB05,paciolan:acct:season:item,912,FB26,FB05,usajaguars.evenue.net,2026 Football (912:FB26:FB05),Football vs Troy,2026-11-14,,Hancock Whitney Stadium,704,2026-08-19T11:21:31Z,blocks_0821_latest
97dce67d-450d-5974-a9d6-6d6a39a1e405,,paciolan,894:FB26:F05,paciolan:acct:season:item,894,FB26,F05,wsucougars.evenue.net,2026 Football (894:FB26:F05),FB26 vs Colorado State,2026-11-14,19:30,Gesa Field,703,2026-08-19T11:14:18Z,blocks_0821_latest
c2b6da75-e3cf-5a3b-a618-8e116075138b,,paciolan,467:F26:F06,paciolan:acct:season:item,467,F26,F06,sfajacks.evenue.net,2026 Football (467:F26:F06),Football vs Northwestern State,2026-11-19,18:00,Homer Bryce Stadium,251,2026-08-19T11:20:08Z,blocks_0821_latest
fbc2d97e-a28f-5cfa-a987-9cc65862ad8d,,paciolan,925:FB26:F07,paciolan:acct:season:item,925,FB26,F07,utrockets.evenue.net,2026 Football (925:FB26:F07),Bowling Green,2026-11-20,19:30,Glass Bowl,517,2026-08-19T11:19:27Z,blocks_0821_latest
de85ae56-9665-5f78-9386-cd66882d4486,,paciolan,126:F26:07,paciolan:acct:season:item,126,F26,07,huskers.evenue.net,2026 Football (126:F26:07),Ohio State,2026-11-21,,Memorial Stadium,772,2026-08-19T11:31:16Z,blocks_0821_latest
32976859-5a11-597d-9b4b-d09813b57403,,paciolan,977:F26:06,paciolan:acct:season:item,977,F26,06,kuathletics.evenue.net,2026 Football (977:F26:06),BYU,2026-11-21,,David Booth Kansas Memorial Stadium,527,2026-08-19T11:32:20Z,blocks_0821_latest
ca0cbbbb-f120-5534-983c-14a7b4778055,,paciolan,398:F26:F11,paciolan:acct:season:item,398,F26,F11,mgoblue.evenue.net,Football 2026 (398:F26:F11),UCLA,2026-11-21,,Michigan Stadium,195,2026-08-19T11:28:32Z,blocks_0821_latest
92f7601f-54e8-58ea-a5b2-1b3613bbcaec,,paciolan,260:NFB26:FB06,paciolan:acct:season:item,260,NFB26,FB06,nautickets.evenue.net,NAU Football 2026 (260:NFB26:FB06),Football vs. Northern Colorado,2026-11-21,14:00,Walkup Skydome,546,2026-08-19T11:26:07Z,blocks_0821_latest
e2afbf80-c11d-5193-99e6-2c9f74ed052b,,paciolan,596:FB26:FB05,paciolan:acct:season:item,596,FB26,FB05,semo.evenue.net,Football 2026 (596:FB26:FB05),SEMO Football vs. UT Martin,2026-11-21,13:00,Houck Stadium,203,2026-08-19T11:20:46Z,blocks_0821_latest
cadab9c0-0257-5555-8f27-6554b3524a45,,paciolan,586:FB26:FB06,paciolan:acct:season:item,586,FB26,FB06,tulanegreenwave.evenue.net,Football 2026 (586:FB26:FB06),North Texas,2026-11-21,,Yulman Stadium,489,2026-08-19T11:18:28Z,blocks_0821_latest
b4ec1597-02a3-5580-a55d-5b7fd1bdd0c0,,paciolan,166:F26:F06,paciolan:acct:season:item,166,F26,F06,uabsports.evenue.net,Football 2026 (166:F26:F06),Football vs. UTSA,2026-11-21,,Protective Stadium,1144,2026-08-19T11:17:19Z,blocks_0821_latest
6a75a1f6-fa1e-5d1b-a46e-674803a806dc,,paciolan,415:FB26:F07,paciolan:acct:season:item,415,FB26,F07,uconnhuskies.evenue.net,2026 Football Season (415:FB26:F07),Football vs. Old Dominion,2026-11-21,15:30,Rentschler Field,1199,2026-08-19T11:13:31Z,blocks_0821_latest
b247a375-02f8-548a-ad92-ff9a1a176e4c,,paciolan,912:FB26:FB06,paciolan:acct:season:item,912,FB26,FB06,usajaguars.evenue.net,2026 Football (912:FB26:FB06),Football vs App State,2026-11-27,14:00,Hancock Whitney Stadium,739,2026-08-19T11:21:39Z,blocks_0821_latest
8ea4a6b3-8784-5e71-9fc1-2724d6d4fffc,,paciolan,158:F26:FB07,paciolan:acct:season:item,158,F26,FB07,csurams.evenue.net,2026 Athletic Year (158:F26:FB07),Football vs. TBD,2026-11-28,,Canvas Stadium,1110,2026-08-17T15:55:06Z,blocks_0819_all|blocks_0819_latest|blocks_0821_latest
75c052b8-e9bb-59ef-af6e-fbd5549dc159,,paciolan,233:F26:F06,paciolan:acct:season:item,233,F26,F06,godeacs.evenue.net,Football 2026 (233:F26:F06),Duke,2026-11-28,,Allegacy Stadium,298,2026-08-19T11:15:19Z,blocks_0821_latest
4b4211ba-e3ec-52c8-a8d5-528fbd9274e5,,paciolan,475:FB26:F06,paciolan:acct:season:item,475,FB26,F06,goheels.evenue.net,2026 FOOTBALL (475:FB26:F06),NC STATE,2026-11-28,,KENAN STADIUM,401,2026-08-19T11:26:55Z,blocks_0821_latest
0cbe52fc-83ae-5f24-8734-ade1b3d715cc,,paciolan,457:F26:06,paciolan:acct:season:item,457,F26,06,hokiesports.evenue.net,Football 2026 (457:F26:06),Virginia,2026-11-28,,Lane Stadium,396,2026-08-19T11:15:50Z,blocks_0821_latest
0bfb0774-a32d-5a2d-91a5-00bbfc5b87bf,,paciolan,530:F26:F2606,paciolan:acct:season:item,530,F26,F2606,okstate.evenue.net,2026 Cowboy Football (530:F26:F2606),Kansas,2026-11-28,,Boone Pickens Stadium,486,2026-08-19T11:25:16Z,blocks_0821_latest
e7c37a62-89db-509f-b016-e1b7f0ceb747,,paciolan,894:FB26:F06,paciolan:acct:season:item,894,FB26,F06,wsucougars.evenue.net,2026 Football (894:FB26:F06),FB26 vs Flex Game,2026-11-28,,Gesa Field,808,2026-08-19T11:14:28Z,blocks_0821_latest
e7b534de-7a65-5ead-8dce-81bd816e90f9,,provenue,pv:21:9643173,provenue:pv:org:perf,21,,9643173,mlb.tickets.com,Cardinals at Phillies,,2026-08-23,13:35,Citizens Bank Park,75,2026-08-21T13:48:01Z,blocks_0821_latest
e14725ed-2209-5e9c-bf05-e3b5832c6280,,ticketmaster,tmlvgp:57:GS26KZ19,tm-lvgp:tmlvgp:org:code,57,,GS26KZ19,am.ticketmaster.com,THURSDAY - HEINEKEN® GRANDSTANDS - KOVAL ZONE,,2026-11-19,16:30:00,,93,2026-08-18T18:25:17Z,blocks_0819_all|blocks_0819_latest|blocks_0821_latest
a4e42a96-86d1-5882-a153-800d57008e0b,,ticketmaster,tmlvgp:70:GS26TG19,tm-lvgp:tmlvgp:org:code,70,,GS26TG19,am.ticketmaster.com,THURSDAY - TURN 3 GRANDSTAND,,2026-11-19,16:30:00,,25,2026-08-18T18:25:54Z,blocks_0819_all|blocks_0819_latest|blocks_0821_latest
95c1e216-ba05-580e-9278-29093c06195a,,ticketmaster,tmlvgp:57:GS26KZ20,tm-lvgp:tmlvgp:org:code,57,,GS26KZ20,am.ticketmaster.com,FRIDAY - HEINEKEN® GRANDSTANDS - KOVAL ZONE,,2026-11-20,16:30:00,,42,2026-08-18T18:28:09Z,blocks_0819_all|blocks_0819_latest|blocks_0821_latest
8be036d9-2c70-5f46-836e-16f72a8a8216,,ticketmaster-web,tmw:cota:3A00642D96C856BF,tm-web:tmw:venue:tmid,cota,,3A00642D96C856BF,www.ticketmaster.com,2026 Formula 1 MSC Cruises USGP - Saturday Admission,,2026-10-24,,Circuit of The Americas,220,2026-08-19T00:26:26Z,blocks_0819_all|blocks_0819_latest|blocks_0821_latest
